Public_Food_Key,Food_Survey_ID,Food_Name,"Energy, with dietary fibre","Energy, without dietary fibre",Moisture (water),Protein,Total_Fat,Alcohol,Total sugars,Added sugars,Calcium (Ca),Sodium (Na),Vitamin C,Vitamin E
F000996,29101,"Beer, high alcohol (5% v/v & above)",174,174,91.9,0.5,0,4.5,0.2,0,4,4,0,0
F000994,29101,"Beer, full strength (alcohol 4-4.9% v/v)",152,152,93,0.4,0,3.7,0,0,4,5,0,0
F000995,29101,"Beer, full strength (alcohol 4-4.9% v/v), carbohydrate modified",126,126,94.6,0.3,0,3.6,0,0,3,4,0,0
F001006,29102,"Beer, mid-strength (alcohol 3-3.9% v/v)",128,128,94.1,0.3,0,3,0,0,4,3,0,0
F000051,29301,"Alcoholic beverage, spirit, approximately 40% v/v, all (Brandy, Gin, Rum, Vodka and Whisky)",892,892,66.9,0,0,30.7,0.1,0,1,3,0,0
F002955,29401,"Cider, apple (alcohol approximately 4-5% v/v)",209,209,89.2,0,0,3.9,5.6,0,3,3,2,0
F008402,11503,"Soft drink, cola flavour",206,206,89.4,0,0.2,0,12.3,12.3,1,2,0,0
F008402,11503,"Soft drink, cola flavour",206,206,89.4,0,0.2,0,12.3,12.3,1,2,0,0
F008403,11503,"Soft drink, cola flavour, decaffeinated",206,206,89.4,0,0.2,0,12.3,12.3,1,2,0,0
F008403,11503,"Soft drink, cola flavour, decaffeinated",206,206,89.4,0,0.2,0,12.3,12.3,1,2,0,0
F008404,11504,"Soft drink, cola flavour, intense sweetened or diet",0,0,99.9,0,0,0,0,0,1,3,0,0
F008404,11504,"Soft drink, cola flavour, intense sweetened or diet",0,0,99.9,0,0,0,0,0,1,3,0,0
F008405,11504,"Soft drink, cola flavour, intense sweetened or diet, decaffeinated",0,0,99.9,0,0,0,0,0,1,3,0,0
F008405,11504,"Soft drink, cola flavour, intense sweetened or diet, decaffeinated",0,0,99.9,0,0,0,0,0,1,3,0,0
F008421,11603,"Soft drink, energy drink, Red Bull",182,182,88.3,0.1,0,0,10.8,10.8,9,71,0,0
F008424,11603,"Soft drink, energy drink, V",182,182,88.3,0.1,0,0,10.8,10.8,9,110,0,0
F008438,11501,"Soft drink, lemonade and fruit flavours",143,143,100,0,0,0,8.8,8.3,2,14,0,0
F008438,11501,"Soft drink, lemonade and fruit flavours",143,143,100,0,0,0,8.8,8.3,2,14,0,0
F008439,11502,"Soft drink, lemonade and fruit flavours, intense sweetened or diet",1,1,100,0,0,0,0,0,2,14,0,0
F008439,11502,"Soft drink, lemonade and fruit flavours, intense sweetened or diet",1,1,100,0,0,0,0,0,2,14,0,0
F008460,11501,"Soft drink, tonic water",142,142,91.1,0,0,0,8.8,8.8,1,12,0,0
F008461,11502,"Soft drink, tonic water, intense sweetened or diet",1,1,99.9,0,0,0,0,0,1,12,0,0
F003095,13101,"Cone, wafer style, for ice cream",1474,1449,8.5,7.9,2.3,0,0.3,0,26,327,0,0.59
F001420,12302,"Bread, flat, white, commercial",1102,1070,30.7,9.5,2.1,0,3.1,0,50,498,0,0.2
F001420,12302,"Bread, flat, white, commercial",1102,1070,30.7,9.5,2.1,0,3.1,0,50,498,0,0.2
F001404,12302,"Bread, flat (pita or Lebanese), wholemeal, commercial",1074,1023,32.7,8.6,2,0,3.1,0,45,470,0,0.08
F001404,12302,"Bread, flat (pita or Lebanese), wholemeal, commercial",1074,1023,32.7,8.6,2,0,3.1,0,45,470,0,0.08
F001463,12201,"Bread, from white flour",1000,970,38.3,9.6,1.8,0,2.7,0,57,449,0,0.32
F001541,12201,"Bread, from white flour, toasted",1190,1154,26.5,11.4,2.1,0,3.2,0,68,534,0,0.37
F001466,12202,"Bread, from white flour, added calcium",1000,970,38.2,9.6,1.8,0,2.7,0,228,442,0,0.32
F001467,12202,"Bread, from white flour, added calcium, toasted",1163,1128,28.1,11.1,2.1,0,3.1,0,265,514,0,0.36
F001468,12202,"Bread, from white flour, added fibre",1027,961,38.1,9.4,1.7,0,2.5,0,56,448,0,0.48
F001479,12202,"Bread, from white flour, added fibre, toasted",1222,1144,26.3,11.2,2,0,3,0,67,534,0,0.54
F001482,12202,"Bread, from white flour, added iron",1000,970,38.2,9.6,1.8,0,2.7,0,68,447,0,0.32
F001483,12202,"Bread, from white flour, added iron, toasted",1163,1128,28.2,11.1,2.1,0,3.1,0,79,520,0,0.36
F001484,12202,"Bread, from white flour, added omega-3 polyunsaturates",1051,1019,38,8.9,2.1,0,2.4,0,56,448,0,0.48
F001485,12202,"Bread, from white flour, added omega-3 polyunsaturates, toasted",1222,1185,28,10.4,2.5,0,2.8,0,65,521,0,0.52
F001543,12202,"Bread, from white Jackaroo flour, added fibre and vitamins B1 & folate & Fe",1052,1000,39.3,8.3,2.3,0,3.8,0,150,410,0,0.12
F001544,12202,"Bread, from white Jackaroo flour, added fibre and vitamins B1 & folate & Fe, toasted",1238,1177,28.6,9.8,2.7,0,4.5,0,176,482,0,0.13
F001528,12201,"Bread, from white flour, Italian-style, commercial",1070,1039,35.3,9,2.5,0,2,0,16,500,0,0.35
F001529,12201,"Bread, from white flour, Italian-style, commercial, toasted",1274,1237,23,10.7,3,0,2.4,0,19,595,0,0.4
F001353,12201,"Bread roll, from white flour",1058,1034,34.2,9.4,3,0,4.1,0,112,537,0,1.53
F001353,12201,"Bread roll, from white flour",1058,1034,34.2,9.4,3,0,4.1,0,112,537,0,1.53
F001358,12201,"Bread roll, from white flour, toasted",1230,1202,23.5,10.9,3.5,0,4.8,0,131,625,0,1.69
F001358,12201,"Bread roll, from white flour, toasted",1230,1202,23.5,10.9,3.5,0,4.8,0,131,625,0,1.69
F001372,12304,"Bread roll, topped with cheese",1179,1160,34.1,12.4,9,0,3.4,0,242,567,0,1.3
F001373,12304,"Bread roll, topped with cheese & bacon",1177,1162,36.9,16.6,11.2,0,2.7,0,222,859,0,1
F001553,12207,"Bread, from wholemeal flour",971,914,39.2,11.2,2.3,0,2.7,0,78,421,0,0.27
F001597,12207,"Bread, from wholemeal flour, toasted",1142,1076,28.5,13.2,2.7,0,3.2,0,91,495,0,0.3
F001573,12207,"Bread, from wholemeal flour, extra grainy & seeds",1064,1000,35.6,11.6,4.6,0,2.5,0,80,372,0,1.03
F001576,12207,"Bread, from wholemeal flour, extra grainy & seeds, toasted",1251,1177,24.2,13.6,5.4,0,3,0,94,437,0,1.15
F001360,12207,"Bread roll, from wholemeal flour",1095,1048,32.5,10.1,3,0,3,0,90,560,0,0.96
F001360,12207,"Bread roll, from wholemeal flour",1095,1048,32.5,10.1,3,0,3,0,90,560,0,0.96
F001364,12207,"Bread roll, from wholemeal flour, toasted",1288,1233,20.6,11.9,3.5,0,3.5,0,106,659,0,1.07
F001364,12207,"Bread roll, from wholemeal flour, toasted",1288,1233,20.6,11.9,3.5,0,3.5,0,106,659,0,1.07
F001545,12203,"Bread, from white or wholemeal flour, organic",1034,989,39.6,11.6,2.9,0,1.3,0,48,490,0,2.85
F001548,12203,"Bread, from white or wholemeal flour, organic, toasted",1216,1164,29,13.7,3.4,0,1.5,0,56,576,0,3.18
F001621,12204,"Bread, mixed grain",1047,993,37.6,11.2,5,0,1.8,0,95,423,0,2.5
F001644,12204,"Bread, mixed grain, toasted",1232,1168,26.6,13.1,5.9,0,2.2,0,112,498,0,2.8
F001513,12204,"Bread, from white flour, extra grainy & seeds",1114,1066,33.2,10.4,4.6,0,2.5,0,62,372,0,1.4
F001514,12204,"Bread, from white flour, extra grainy & seeds, toasted",1310,1254,21.4,12.2,5.4,0,2.9,0,72,437,0,1.57
F001365,12204,"Bread roll, mixed grain",1027,983,35.8,11.1,3,0,2.3,0,160,660,0,1.67
F001368,12204,"Bread roll, mixed grain, toasted",1209,1156,24.5,13.1,3.5,0,2.7,0,188,776,0,1.86
F001457,12305,"Bread, from white flour, added dried fruit",1151,1129,36,8.3,3.9,0,15,1,45,190,0,0.39
F001458,12305,"Bread, from wheat flour, added dried fruit, toasted",1279,1254,28.9,9.2,4.3,0,16.7,1.1,50,211,0,0.41
F001600,12307,"Bread, garlic or herb, commercial, cooked",1401,1376,28.6,8.4,15.5,0,3.6,0,101,664,1,1.53
F001603,12213,"Bread, gluten free",888,857,45.6,5.5,3.9,0,2.6,0,50,526,0,2.48
F001609,12213,"Bread, gluten free, toasted",1057,1020,35.2,6.5,4.6,0,3.1,0,60,626,0,2.8
F001450,12210,"Bread, from rye flour, sour dough",980,939,37.1,9.2,1.6,0,2,0,32,510,0,0.18
F001451,12210,"Bread, from rye flour, sour dough, toasted",1153,1104,26,10.8,1.9,0,2.4,0,38,600,0,0.2
F001939,12306,"Bun, sweet, with dried fruit, iced",1194,1179,32,6.4,6,0,17.3,10.2,18,267,0,0.58
F003313,13606,"Crumpet, from white flour, toasted",851,823,45,5.1,0.8,0,1.9,0,92,1051,0,0.07
F005896,12301,"Muffin, English style, from white flour",938,906,42.7,10.1,2.1,0,1.7,0,170,418,0,0.01
F005898,12301,"Muffin, English style, from white flour, toasted",1019,984,37.7,11,2.3,0,1.8,0,185,454,0,0.01
F005897,12301,"Muffin, English style, from white flour, added dried fruit, toasted",1037,1001,35,9.8,2,0,10.3,1.3,169,392,0,0.04
F001688,11805,"Breakfast cereal, beverage, non-chocolate flavours, added vitamins A, B1, B2, B3, B6, B12, C & folate & Ca",320,313,81.9,3.1,1.5,0,7,2,148,49,0,2.23
F001374,13303,"Bread, banana",1224,1212,30.8,5.7,11,0,25.1,21.7,41,360,0,3.2
F002159,13302,"Cake, lamington, unfilled",1233,1214,28.4,4.7,9.4,0,31.5,29,6,218,0,0.08
F002168,13303,"Cake, plain butter cake, commercial, iced",1555,1541,18.7,5,16.1,0,36.7,34.3,4,420,0,0.23
F002168,13303,"Cake, plain butter cake, commercial, iced",1555,1541,18.7,5,16.1,0,36.7,34.3,4,420,0,0.23
F003575,13605,"Doughnut, jam filled, sugar coated",1535,1519,24.9,6,17.6,0,19,18.7,55,440,0,0.26
F003573,13605,"Doughnut, dusted with cinnamon & sugar",1583,1568,24.2,6.6,19.5,0,13.7,13.6,60,487,0,0.27
F003574,13605,"Doughnut, iced",1517,1500,23.6,6.7,15.9,0,22.9,22.7,21,414,0,0.24
F005877,13304,"Muffin, cake-style, berry, commercial",1412,1397,28.6,5.2,15.7,0,26.1,24,110,367,2,1.8
F005882,13304,"Muffin, cake-style, chocolate chip, commercial",1567,1553,18.8,6.4,17.7,0,29.5,27.1,110,344,0,1.8
F006700,13602,"Pikelet or pancake, sweet, commercial",912,896,45.5,5.7,4.3,0,13.8,11.8,84,359,0,0.47
F008173,13307,"Scone, plain, commercial",1399,1382,23.6,7.9,8.5,0,6.5,4,70,761,0,0.94
F008172,13307,"Scone, fruit, commercial",1335,1314,22.1,6.4,6.6,0,21.3,5.4,67,560,0,0.73
F006143,12101,"Oats, rolled, uncooked",1489,1409,9.2,12.4,9.5,0,1,0,40,3,0,0.23
F007164,12601,"Porridge, rolled oats, prepared with water",276,261,83.2,2.3,1.8,0,0.2,0,9,4,0,0.04
F004362,13505,"Hamburger, white roll, beef patty, with salad, independent takeaway outlet",870,849,53.6,12.1,9.1,0,1.3,0.2,65,439,2,0
F006055,12402,"Noodle, wheat, instant, flavoured, dry, uncooked",1834,1804,5.6,10.6,19.1,0,0.9,0,28,1108,0,1.26
F006053,12402,"Noodle, wheat, instant, flavoured, boiled, drained",598,589,67,3.6,6.2,0,0.3,0,9,360,0,0.42
F006054,12402,"Noodle, wheat, instant, flavoured, boiled, undrained",225,221,87.6,1.3,2.3,0,0.1,0,4,137,0,0.16
F008737,13509,"Spaghetti in tomato & cheese sauce, canned",227,220,82.3,2.5,0,0,4,3.5,9,330,0,0
F008738,13509,"Spaghetti in tomato & cheese sauce, canned, reduced salt",227,220,82.3,2.5,0,0,4,2,9,352,0,0
F003305,13401,"Croissant, plain",1505,1478,27.6,10,19.1,0,5.1,5.1,40,462,0,0.25
F006493,13405,"Pastry, filled with spinach & cheese, purchased frozen, baked",1215,1195,44.1,9.4,16.4,0,2.7,0,150,490,0,0.8
F006493,13405,"Pastry, filled with spinach & cheese, purchased frozen, baked",1215,1195,44.1,9.4,16.4,0,2.7,0,150,490,0,0.8
F006665,13405,"Pie, savoury, meat, commercial, ready to eat",943,924,52.5,8.9,11.2,0,1.3,1.2,15,501,0,0.42
F006665,13405,"Pie, savoury, meat, commercial, ready to eat",943,924,52.5,8.9,11.2,0,1.3,1.2,15,501,0,0.42
F006667,13405,"Pie, savoury, meat, purchased frozen, baked",910,893,53.4,8.6,11.3,0,0,0,15,478,2,0.28
F006667,13405,"Pie, savoury, meat, purchased frozen, baked",910,893,53.4,8.6,11.3,0,0,0,15,478,2,0.28
F008098,13405,"Sausage roll, commercial, ready to eat",1179,1155,44.4,9.7,14.3,0,2.8,1.9,24,667,0,0.45
F008098,13405,"Sausage roll, commercial, ready to eat",1179,1155,44.4,9.7,14.3,0,2.8,1.9,24,667,0,0.45
F008101,13405,"Sausage roll, purchased frozen, baked",1118,1094,43.1,9.7,12.7,0,2.8,1.9,19,628,0,0.45
F008101,13405,"Sausage roll, purchased frozen, baked",1118,1094,43.1,9.7,12.7,0,2.8,1.9,19,628,0,0.45
F008794,13406,"Spring roll, meat & vegetable filling, commercial, deep fried",1047,1025,50.4,7.5,11.7,0,4.3,3,26,501,1,1.2
F008794,13406,"Spring roll, meat & vegetable filling, commercial, deep fried",1047,1025,50.4,7.5,11.7,0,4.3,3,26,501,1,1.2
F006679,13402,"Pie, sweet, apple, commercial",1059,1048,49.7,3,12.9,0,15.1,10.6,18,200,37,1.24
F009102,13403,"Tart, custard, commercial",1015,1007,45.6,6.3,10.7,0,11.4,10.2,74,270,0,0.71
F008065,23103,"Sauce, soy, commercial",162,162,71.5,5.4,0,0.9,1.7,1,16,6555,0,0
F008083,23104,"Sauce, tomato, commercial",437,426,69.7,1.3,0,0,23.7,21.5,13,870,0,1
F008085,23104,"Sauce, tomato, commercial, reduced salt",437,426,70.2,1.3,0,0,23.7,21.5,12,529,0,1
F002414,19401,"Cheese, cheddar, natural, regular fat",1663,1663,34,24.6,32.8,0,0.4,0,763,684,1,0.43
F002413,19402,"Cheese, cheddar, natural, reduced fat (approximately 25%)",1368,1368,41.7,28.6,23.4,0,0,0,800,550,0,0.4
F002412,19402,"Cheese, cheddar, natural, reduced fat (approximately 15%)",1109,1109,47.1,31.1,15.3,0,0,0,995,560,0,0.43
F002428,19406,"Cheese, cheddar, processed, regular fat",1254,1254,48.4,18.2,23.9,0,1.5,0,588,1420,0,0.6
F002425,19407,"Cheese, cheddar, processed, reduced fat (approximately 15%), added vitamin D",1054,1054,52.5,22.5,15.4,0,4.9,0,886,1171,2,0.35
F002444,19403,"Cheese, cream, plain",1420,1420,53.3,8.5,34.2,0,0.2,0,69,320,0,1.1
F004508,19501,"Ice cream, vanilla flavour, regular fat",788,788,61.4,3.7,10.6,0,18.4,13,93,48,0,0
F003488,19701,"Dairy or yoghurt dessert, chocolate, regular fat",533,522,72.8,5.1,3.7,0,15.7,10.9,120,59,0,0.06
F009694,19201,"Yoghurt, natural, regular fat (3% fat)",306,305,81.4,5.1,3.2,0,4.9,0,175,58,0,0
F009741,19205,"Yoghurt, strawberry pieces or flavoured, regular fat (3% fat)",401,400,77.3,4.7,3.1,0,11.6,7,159,60,0,0
F009741,19205,"Yoghurt, strawberry pieces or flavoured, regular fat (3% fat)",401,400,77.3,4.7,3.1,0,11.6,7,159,60,0,0
F009749,19205,"Yoghurt, vanilla flavoured, (2% fat)",409,407,76.4,5,1.9,0,13.5,7,170,52,0,0
F009749,19205,"Yoghurt, vanilla flavoured, (2% fat)",409,407,76.4,5,1.9,0,13.5,7,170,52,0,0
F008155,20601,"Sausage, vegetarian style, unfortified, raw",807,795,60.5,19,9.4,0,1.9,0.8,34,600,5,1
F008151,20601,"Sausage, vegetarian style, added Fe, Zn and vitamin B12, raw",807,795,60.5,19,9.4,0,1.9,0.8,34,600,5,1
F008153,20601,"Sausage, vegetarian style, fried, no added fat",849,837,58.4,20,9.9,0,2,0.8,36,632,5,0.84
F009739,20502,"Yoghurt, soy based, vanilla flavoured, reduced fat (1% fat)",309,307,80.7,3.7,0.8,0,8.4,7.8,120,55,0,0.05
F001973,14101,"Butter, plain, salted",3027,3027,15.3,1.1,81.3,0,0,0,17,776,0,1.96
F001971,14101,"Butter, plain, no added salt",3027,3027,15.3,1.1,81.3,0,0,0,17,10,0,1.96
F005370,14301,"Margarine spread, polyunsaturated (70% fat)",2552,2552,30,0,69,0,0,0,7,562,0,34.68
F005373,14301,"Margarine spread, polyunsaturated (70% fat), reduced salt (sodium 280 mg/100 g)",2636,2636,27.4,1,70.8,0,0,0,3,283,0,8.19
F005319,14306,"Margarine spread, monounsaturated (70% fat), reduced salt (sodium 350 mg/100 g), added phytosterols",2820,2820,22.5,0.7,75.9,0,0,0,3,356,0,3.06
F003729,17101,"Egg, chicken, whole, raw",533,533,76.1,12.6,8.5,0,0.3,0,47,150,0,1.71
F003721,17101,"Egg, chicken, whole, hard-boiled",574,574,75,12.4,9.5,0,0.3,0,39,127,0,8.96
F003725,17101,"Egg, chicken, whole, poached",556,556,75.1,13.1,8.9,0,0.3,0,49,156,0,1.6
F003718,17101,"Egg, chicken, whole, fried, no fat added",606,606,72.8,14.3,9.7,0,0.3,0,53,170,0,1.75
F003724,17102,"Egg, chicken, whole, omega-3 polyunsaturate enriched, raw",557,557,75.5,12.4,9.2,0,0.3,0,45,120,0,14
F003723,17102,"Egg, chicken, whole, omega-3 polyunsaturate enriched, boiled",568,568,75,12.7,9.4,0,0.3,0,46,122,0,12.86
F000086,16101,"Apple, bonza, unpeeled, raw",244,218,85.3,0.3,0.3,0,11.5,0,6,0,2,0.26
F000091,16101,"Apple, fuji, unpeeled, raw",245,226,84.1,0.3,0.3,0,12.1,0,6,2,5,0.36
F000092,16101,"Apple, golden delicious, unpeeled, raw",202,182,84.9,0.3,0,0,10.5,0,4,2,5,1.3
F000095,16101,"Apple, granny-smith, unpeeled, raw",202,184,85.2,0.3,0,0,10.3,0,5,1,5,0.22
F000099,16101,"Apple, jonathon, unpeeled, raw",226,208,84,0.3,0,0,11.8,0,4,1,5,0.22
F000105,16101,"Apple, pink lady, unpeeled, raw",243,219,84,0.2,0,0,12.2,0,4,1,9,0
F000107,16101,"Apple, red delicious, unpeeled, raw",248,230,84.5,0.3,0,0,13,0,5,1,6,0.22
F000111,16101,"Apple, royal gala, unpeeled, raw",222,205,86.7,0.4,0,0,11.1,0,5,1,2,0.05
F000110,16101,"Apple, red skin, unpeeled, raw",240,218,84.5,0.3,0,0,12,0,5,1,7,0.08
F000134,16403,"Apricot, raw",171,151,85.4,0.8,0.1,0,6.6,0,16,2,12,1.16
F000262,16501,"Banana, cavendish, peeled, raw",394,366,76.2,1.4,0.3,0,12.8,0,5,0,4,0.12
F000267,16501,"Banana, lady finger or sugar, peeled, raw",474,445,68.8,1.5,0.1,0,18.2,0,10,2,19,0.1
F003423,16504,"Custard apple, African pride, peeled, raw",326,306,78.7,1.4,0.6,0,14.7,0,17,4,43,0.3
F003496,16802,"Date, dried",1212,1135,16,2,0.2,0,65.9,0,47,14,5,0.05
F003818,16504,"Feijoa, raw",176,152,85.4,0.6,0.4,0,7.7,0,6,3,30,0.18
F003832,16802,"Fig, dried",1082,968,21.3,3.6,0.7,0,52.6,0,200,39,0,0.35
F003834,16503,"Fig, fresh, unpeeled, raw",195,169,85.9,1.4,0.3,0,8.1,0,38,3,3,0.11
F004262,16303,"Grapefruit, peeled, raw",125,111,89,0.9,0.2,0,4.8,0,21,4,36,0.15
F004286,16504,"Guava, Hawaiian, raw",144,101,87.2,0.7,0.5,0,3.4,0,10,4,243,0.73
F004594,16504,"Jackfruit, peeled, raw",347,323,75.4,2.2,0.3,0,16.3,0,18,3,6,0.34
F004816,16601,"Kiwifruit, green (hayward), peeled, raw",230,206,83.8,1.2,0.7,0,8.8,0,28,2,85,1.08
F004815,16601,"Kiwifruit, gold, peeled, raw",244,230,82.6,1.2,0.5,0,10.9,0,18,3,110,0.98
F005174,16302,"Lemon, peeled, raw",115,95,89,0.6,0.2,0,1.8,0,20,2,48,0.15
F005199,16302,"Lime, peeled, raw",122,89,87.6,0.8,0.2,0,1.2,0,22,3,47,0.22
F005244,16105,"Loquat, peeled, raw",122,108,90.6,1,0.2,0,4.9,0,13,2,4,0.1
F005255,16504,"Lychee, peeled, raw",296,286,80.6,1.1,0.1,0,16.2,0,2,1,49,0.07
F005293,16303,"Mandarin, peeled, raw",195,182,86,0.9,0,0,9.8,0,29,3,28,0.1
F005299,16504,"Mango, peeled, raw",237,227,84.1,0.4,0,0,12.9,0,9,0,24,0.85
F006021,16401,"Nectarine, yellow, unpeeled, raw",181,164,87.2,1.2,0.1,0,8,0,9,0,12,0.8
F006277,16301,"Orange, peeled, raw",175,155,86.7,1,0,0,8.2,0,23,0,52,0.1
F006276,16301,"Orange, navel, peeled, raw",174,155,86.4,1,0,0,8.2,0,23,0,52,0.1
F006279,16301,"Orange, valencia, peeled, raw",175,156,87.6,1,0,0,8.2,0,23,0,52,0.1
F006333,16504,"Passionfruit, raw",304,193,74.4,3,0.3,0,5.7,0,10,19,18,0.02
F006573,16401,"Peach, yellow, unpeeled, raw",168,152,87.4,0.8,0.1,0,7.4,0,5,2,8,0.7
F006604,16103,"Pear, nashi, unpeeled, raw",209,192,86.7,0.4,0.1,0,10.6,0,5,7,2,0
F006628,16503,"Persimmon, peeled, raw",298,278,79.7,0.6,0.2,0,16.1,0,29,6,14,0.73
F006708,16505,"Pineapple, canned in pineapple juice, drained",206,191,85,0.5,0.1,0,10.5,0,6,4,12,0.02
F006832,16403,"Plum, unpeeled, raw",162,146,87.8,0.6,0.1,0,6.5,0,7,2,5,0.82
F006826,16404,"Plum, dark, canned in syrup, drained",385,369,74.6,0.4,0.1,0,21,15.5,4,4,0,1.46
F006842,16504,"Pomegranate, peeled, raw",329,278,76.2,1.9,0.2,0,13.5,0,14,4,14,0.6
F007457,16504,"Prickly pear, peeled, raw",204,167,83.9,0.4,0.3,0,8.8,0,48,1,18,0.54
F007494,16802,Prune (dried plum),841,778,37.1,2.3,0.4,0,31,0,52,7,2,0.43
F007591,16105,"Quince, peeled, raw",242,200,81.6,0.5,0.2,0,11,0,8,16,39,0.2
F007610,16801,Raisin,1210,1188,21,3.3,0.5,0,66.9,0,53,10,0,0.12
F007612,16504,"Rambutan, raw",312,289,79.5,1,0.4,0,15.7,0,8,2,70,0.54
F008952,16201,"Strawberry, raw",109,89,92.1,0.7,0.2,0,3.8,0,22,0,45,0.32
F008983,16801,Sultana,1068,1042,16.4,2.6,0.3,0,59,0,52,7,0,0.16
F009080,16503,"Tamarillo, peeled, raw",150,112,86.2,2,0.1,0,3.4,0,8,1,15,1.92
F009087,16303,"Tangelo, peeled, raw",172,156,85.9,0.6,0.1,0,7.8,0,22,4,28,0.1
F009088,16303,"Tangerine or tangor, peeled, raw",180,168,86.2,1,0.2,0,8.1,0,26,2,44,0.36
F006830,16804,"Plum, salted",857,782,17.9,3.7,0,0,33.6,7,130,8400,0,1.26
F002755,18903,"Chicken, nugget, purchased frozen, baked, no added fat",1172,1163,47.5,12.8,17.6,0,0.8,0.6,13,920,0,0.4
F002752,18903,"Chicken, nugget, purchased from independent takeaway & fast food chain, fried, undefined oil",1104,1095,48.4,13.1,15.8,0,0,0,13,740,0,0.82
F002752,18903,"Chicken, nugget, purchased from independent takeaway & fast food chain, fried, undefined oil",1104,1095,48.4,13.1,15.8,0,0,0,13,740,0,0.82
F002751,18903,"Chicken, nugget, purchased from fast food chain, grilled",818,808,54.8,14.8,5.9,0,0.9,0.7,13,435,0,0.4
F000228,18601,"Bacon, middle rasher, untrimmed, raw",1310,1310,51.1,15.4,28.2,0,0.3,0.3,5,1274,0,0.27
F000227,18601,"Bacon, middle rasher, untrimmed, fried, no added fat",1747,1747,34.8,20.6,37.6,0,0.3,0.4,5,1528,0,0.29
F000231,18601,"Bacon, shortcut, as purchased without rind, fried, no added fat",1046,1046,47.9,30.4,13.9,0,0.9,0,8,2000,0,0.08
F001322,18606,"Braised steak & onions, canned",264,257,82.3,7.2,1.6,0,1,0,12,380,0,0
F004025,18502,"Frankfurt, cooked",1051,1037,58.7,14.3,19.9,0,0.2,0,33,770,1,0.25
F004025,18502,"Frankfurt, cooked",1051,1037,58.7,14.3,19.9,0,0.2,0,33,770,1,0.25
F004299,18602,"Ham, leg, lean",467,453,73,17,2.5,0,0.9,0.9,9,1250,0,0.05
F006675,13405,"Pie, steak & kidney, canned",693,686,65.6,10,7.7,0,0.6,0.1,7,230,0,0
F007459,18602,Prosciutto,1224,1224,43.5,30.8,18.8,0,0.3,0,10,1700,0,0
F008112,18501,"Sausage, beef, raw",987,987,61.6,14.5,18.7,0,0.4,0,13,740,0,0.37
F008106,18501,"Sausage, beef, fried, no added fat",947,945,59.8,16.4,16.2,0,0.4,0,11,788,1,0.5
F008107,18501,"Sausage, beef, grilled, no added fat",911,909,60,17.2,14.9,0,0.4,0,9,795,1,0.5
F008126,18603,"Sausage, chorizo, uncooked",1183,1179,51.5,20.1,22.1,0,0.8,0.1,12,1100,0,0
F008125,18603,"Sausage, chorizo, fried, no added fat",1245,1241,48.9,21.2,23.3,0,0.8,0.1,11,868,0,0
F009450,18606,"Sausages & vegetables, canned",283,276,82.8,4,2.1,0,2.2,0.6,10,320,0,0
F009452,18606,"Steak & vegetables, canned",258,249,84.4,4.4,1.9,0,1.8,1,12,320,0,0
F008233,15501,"Shark, battered, deep-fried, takeaway outlet",1090,1079,54.2,15.5,14.5,0,1.5,0,11,295,0,3.1
F003950,15501,"Fish, white flesh, battered, packaged frozen, baked, no added fat",820,816,55,12.2,7,0,1.6,0,21,383,0,3.22
F003954,15501,"Fish, white flesh, crumbed, packaged frozen, baked, no added fat",856,852,57.1,11.8,10,0,1.7,0,21,383,0,3.22
F003907,15501,"Fish, battered or crumbed, from takeaway outlet, deep fried, blended frying fat, ready to eat",1006,1005,51.1,15.2,13.2,0,0.6,0,21,406,0,0.21
F003897,15501,"Fish finger, crumbed, purchased frozen, raw",924,916,57.3,12.1,11.6,0,1.5,0,13,300,0,0.45
F003896,15501,"Fish finger, crumbed, purchased frozen, grilled, no added fat",1050,1040,51.5,13.8,13.2,0,1.7,0,15,341,0,0.51
F007864,15102,"Salmon, smoked, sliced",787,787,62.4,24.3,10.1,0,0,0,8,1015,0,0.6
F009285,15401,"Tuna, canned in brine, drained",540,540,74.4,26.1,2.6,0,0,0,5,200,0,0
F007193,26101,"Potato crisps or chips, plain, salted",2140,2113,1.8,6,33.3,0,0.9,0,21,592,23,8.63
F007193,26101,"Potato crisps or chips, plain, salted",2140,2113,1.8,6,33.3,0,0.9,0,21,592,23,8.63
F007201,26101,"Potato crisps or chips, salt & vinegar flavoured",2097,2068,2.3,6.8,32.6,0,1.4,0,22,970,24,6.77
F007201,26101,"Potato crisps or chips, salt & vinegar flavoured",2097,2068,2.3,6.8,32.6,0,1.4,0,22,970,24,6.77
F007204,26101,"Potato straws, French fries, plain",2165,2139,1.6,6.9,31,0,0.2,0,31,576,42,8.6
F009073,26201,"Taco shell, from corn flour, plain",1948,1878,6.4,6.8,21.8,0,1.1,0,52,80,0,7.66
F000279,28102,"Bar, cherry & coconut centre, dark chocolate-coated",1785,1747,9.7,4.4,22.4,0,48.6,45.7,50,46,0,0.53
F000285,28102,"Bar, coconut cream centre, milk chocolate-coated",1778,1719,8.2,4.5,22.4,0,44.3,37.7,87,130,0,0.21
F000296,28103,"Bar, honeycomb centre, milk chocolate-coated",1772,1769,2.1,2.6,16.2,0,64.2,55.6,76,260,0,0.1
F000348,28103,"Bar, nougat & caramel centre, milk chocolate-coated",1712,1699,6.4,5.2,17.2,0,55.3,43.1,160,190,0,1.2
F002929,28101,"Chocolate, milk",2179,2160,1.3,7.6,30.5,0,54.6,42.7,252,68,5,0.69
F002929,28101,"Chocolate, milk",2179,2160,1.3,7.6,30.5,0,54.6,42.7,252,68,5,0.69
F002934,28103,"Chocolate, milk, fondant or caramel filled",2002,1986,4.2,6,24.7,0,53.6,45.7,170,79,0,0.82
F002937,28102,"Chocolate, milk, with dried fruit & nuts",2049,2025,3.5,7.8,28,0,51.3,33.3,218,65,4,2.02
F002939,28102,"Chocolate, milk, with nuts",2325,2287,2.3,9.9,39.5,0,39.6,29.9,208,49,3,5.66
F002946,28101,"Chocolate, white",2273,2272,1.4,7.1,34.5,0,54.6,43.4,230,78,0,9.1
F003100,28103,"Confectionery, chocolate centre, sugar-coated",2032,2017,1.5,4.8,18.8,0,64.9,59.4,110,55,0,0.21
F004600,27201,"Jam, berry",1100,1087,30.7,0.3,0,0,67.2,64.7,8,12,0,0.12
F004607,27201,"Jam, stone fruit",1050,1042,31.5,0.2,0,0,64.3,59.4,5,14,9,0.12
F004604,27201,"Jam, plum",1050,1042,31.5,0.2,0,0,64.3,61.7,5,14,9,0.12
F005421,27201,"Marmalade, orange",1061,1054,31.2,0.1,0,0,65.4,62.3,15,33,2,0.06
F008777,27204,"Spread, hazelnut & chocolate flavoured",2193,2163,1,6.8,30.3,0,57.2,52.6,130,42,0,1.4
F004380,27102,Honey,1318,1318,16.2,0.2,0,0,82.1,0,8,14,0,0
F008969,27101,"Sugar, brown",1552,1552,1.7,0.2,0,0,96.8,96.8,150,21,0,0
F008973,27101,"Sugar, raw",1597,1597,0,0,0,0,99.8,99.8,7,1,0,0
F004615,27301,"Jelly, sugar sweetened, all flavours, prepared",230,230,85.6,1,0,0,13.2,13.2,2,78,0,0
F005213,28401,"Liquorice, allsorts",1498,1489,5.8,1.9,0.3,0,74.7,74.7,113,48,0,0.09
F005215,28103,"Liquorice, chocolate-coated",1595,1573,10.5,5.7,9.7,0,42.1,38.6,272,104,1,0.37
F000144,24402,"Artichoke, globe, raw",145,80,85.2,2.8,0.2,0,0.9,0,30,6,16,0.19
F000142,24402,"Artichoke, globe, boiled, drained",170,94,82.6,3.3,0.2,0,1.1,0,34,7,14,0.21
F000141,24402,"Artichoke heart, canned in brine, drained",104,67,90,1.9,0.3,0,1.1,0,33,280,3,0.19
F000155,24402,"Asparagus, green, raw",88,71,92.8,2.5,0.1,0,1.4,0,11,2,15,0.52
F000151,24402,"Asparagus, green, boiled, drained",104,83,91.5,2.9,0.1,0,1.6,0,12,2,13,0.58
F000149,24402,"Asparagus, canned in brine, drained",101,70,93.5,1.9,0.1,0,1.5,0,12,240,6,0.58
F000162,24705,"Avocado, raw",579,519,72.3,1.6,13.2,0,0,0,10,7,4,1.8
F000396,24403,"Basil, green, raw",119,85,90.1,2,0.6,0,0,0,230,13,53,0.8
F001015,24302,"Beetroot, fresh, purple, peeled, raw",201,173,86.8,1.9,0.1,0,8.4,0,8,54,6,0.07
F001013,24302,"Beetroot, fresh, purple, peeled, baked, no added fat",246,211,84,2.3,0.1,0,10.2,0,10,66,5,0.08
F001014,24302,"Beetroot, fresh, purple, peeled, boiled, drained",217,186,85.9,2,0.1,0,9,0,8,55,4,0.07
F001010,24302,"Beetroot, canned in brine, drained",199,169,85.6,1.2,0.1,0,8.9,0,12,278,0,0
F001301,24201,"Bok choy, raw",79,60,94.8,2.5,0.2,0,0.6,0,83,57,17,0.14
F001300,24201,"Bok choy, fried, no added fat",113,85,92.6,3.6,0.3,0,0.9,0,119,81,21,0.19
F001302,24201,"Bok choy, steamed",82,62,94.6,2.6,0.2,0,0.6,0,82,56,10,0.14
F001905,24202,"Broccoli, fresh, raw",131,101,89.7,4.7,0.3,0,0.4,0,32,22,106,0.18
F001904,24202,"Broccoli, fresh, microwaved",113,89,92,3.3,0.4,0,1.3,0,26,13,57,0.76
F001900,24202,"Broccoli, fresh, boiled, drained",100,80,92.5,2.9,0.3,0,1.1,0,26,13,57,1.14
F001899,24202,"Broccoli, fresh, baked, no added fat",160,124,87.4,5.7,0.4,0,0.5,0,39,26,110,0.21
F001909,24202,"Broccolini, fresh, raw",122,102,92.2,3.2,0.4,0,1.3,0,39,16,12,0.22
F001908,24202,"Broccolini, fresh, boiled, drained",127,106,91.9,3.3,0.4,0,1.4,0,39,16,10,0.22
F001914,24201,"Brussels sprout, fresh, raw",150,114,88.4,3.8,0.3,0,2.1,0,15,30,110,0.88
F001913,24201,"Brussels sprout, fresh, boiled, drained",156,118,87.9,4,0.3,0,2.2,0,15,30,63,0.87
F002239,24705,"Capsicum, green, fresh, raw",84,67,93.3,1.5,0.1,0,2.3,0,8,2,90,0.04
F002238,24705,"Capsicum, green, fresh, fried, no added fat",93,75,92.6,1.7,0.1,0,2.6,0,9,2,85,0.04
F002247,24705,"Capsicum, red, fresh, raw",118,104,92.4,1.7,0.2,0,4,0,4,2,172,3.49
F002246,24705,"Capsicum, red, fresh, fried, no added fat",132,116,91.6,1.9,0.2,0,4.4,0,4,2,162,3.69
F002266,24301,"Carrot, baby, peeled, fresh, raw",134,108,88.4,0.7,0.1,0,5.5,0,42,51,7,0
F002265,24301,"Carrot, baby, peeled, fresh, boiled, drained",144,116,87.5,0.8,0.1,0,5.9,0,43,52,5,0
F002263,24301,"Carrot, baby, baked, no added fat",146,117,87.4,0.8,0.1,0,6,0,46,55,6,0
F002276,24301,"Carrot, mature, peeled, fresh, raw",147,119,88.5,0.6,0,0,6.2,0,26,49,3,0
F002276,24301,"Carrot, mature, peeled, fresh, raw",147,119,88.5,0.6,0,0,6.2,0,26,49,3,0
F002274,24301,"Carrot, mature, peeled, fresh, baked, no added fat",179,146,86,0.7,0,0,7.6,0,32,60,2,0
F002275,24301,"Carrot, mature, peeled, fresh, boiled, drained",138,111,89.8,1,0.3,0,4.6,0,26,67,2,0.33
F002378,24202,"Cauliflower, fresh, raw",102,93,92.7,1.9,0.2,0,2.8,0,18,40,26,0
F002377,24202,"Cauliflower, fresh, boiled, drained",107,97,92.4,2,0.2,0,2.9,0,18,40,20,0
F002384,24302,"Celeriac, peeled, raw",159,119,86.6,1.6,0.2,0,2.8,0,41,21,13,0.36
F002390,24402,"Celery, fresh, raw",62,51,94.8,0.6,0.1,0,1.2,0,44,98,5,0.02
F002389,24402,"Celery, fresh, fried, no added fat",76,62,93.7,0.7,0.1,0,1.5,0,54,119,5,0.02
F002896,24705,"Chilli (chili), green, raw",181,78,80.9,2.8,0.3,0,1,0,12,4,128,0.69
F002894,24705,"Chilli (chili), green, fried, no added fat",201,86,78.8,3.1,0.3,0,1.1,0,13,4,121,0.73
F002901,24705,"Chilli (chili), red, raw",200,115,81.7,1.4,0.4,0,4.2,0,16,3,201,3.4
F002900,24705,"Chilli (chili), red, fried, no added fat",222,128,79.7,1.6,0.4,0,4.7,0,18,3,190,3.59
F002949,24705,"Choko, peeled, fresh, raw",87,75,94.3,0.5,0.2,0,3.1,0,17,8,14,0.12
F002948,24705,"Choko, peeled, fresh, boiled, drained",103,90,93.2,0.6,0.2,0,3.7,0,19,9,11,0.14
F003192,24403,"Coriander, fresh, leaves & stems",167,139,88.6,3.1,0.7,0,2.5,0,84,28,48,2.5
F003209,24704,"Corn, fresh on cob, raw",366,335,78.2,3.6,1.8,0,5.4,0,16,19,3,0
F003200,24704,"Corn, fresh on cob, boiled, drained",381,349,77.3,3.8,1.9,0,5.6,0,16,19,2,0
F003200,24704,"Corn, fresh on cob, boiled, drained",381,349,77.3,3.8,1.9,0,5.6,0,16,19,2,0
F003321,24705,"Cucumber, Lebanese, unpeeled, raw",52,45,95.9,0.6,0,0,1.9,0,42,12,9,0
F003324,24705,"Cucumber, telegraph, unpeeled, raw",56,49,96.3,1.2,0.1,0,1.4,0,49,16,8,0
F003761,24705,"Eggplant, unpeeled, fresh, raw",93,73,92.8,1.1,0.3,0,2.6,0,23,5,3,2.8
F003760,24705,"Eggplant, unpeeled, fresh, grilled, no added fat",132,104,89.8,1.6,0.4,0,3.7,0,31,7,3,3.8
F003759,24705,"Eggplant, unpeeled, fresh, baked, no added fat",109,86,91.6,1.3,0.4,0,3.1,0,27,6,3,3.13
F004206,23202,"Gherkin, pickled, drained, commercial",441,434,73.4,0.4,0.3,0,23.6,23,22,520,0,0.2
F005164,24802,"Leek, fresh, raw",136,111,90.7,2.1,0.4,0,3.7,0,33,17,30,0.31
F005163,24802,"Leek, fresh, fried, no added fat",164,134,88.8,2.5,0.5,0,4.5,0,40,20,31,0.36
F005162,24802,"Leek, fresh, boiled, drained",151,124,89.7,2.3,0.4,0,4.1,0,35,18,25,0.33
F005192,24401,"Lettuce, iceberg, raw",38,26,95.7,0.9,0.1,0,0.4,0,18,24,4,0.04
F005700,24403,"Mint, fresh, raw",225,167,84.2,3.1,1.1,0,0.9,0,210,28,26,0.9
F005946,24703,"Mushroom, common, fresh, raw",86,75,93.1,2.3,0.4,0,0,0,3,9,0,0
F005945,24703,"Mushroom, common, fresh, fried, no added fat",153,133,87.7,4,0.7,0,0,0,5,15,0,0
F005949,24703,"Mushroom, common, vitamin D enhanced, fresh, raw",86,75,92.6,2.3,0.4,0,0,0,3,9,0,0
F005948,24703,"Mushroom, common, vitamin D enhanced, fresh, fried, no added fat",153,133,86.8,4,0.7,0,0,0,5,15,0,0
F006194,24705,"Okra, cooked, no added fat",121,89,87.4,3.3,0.2,0,1.5,0,84,2,27,0.28
F006198,23202,"Olive, green or black, drained",856,837,69.8,2,20.5,0,0,0,52,1450,1,5
F006225,24802,"Onion, mature, brown skinned, peeled, raw",139,117,88.8,1.3,0,0,5.8,0,23,8,7,0
F006243,24802,"Onion, mature, white skinned, peeled, fresh, raw",128,111,90.3,1.7,0.1,0,4.7,0,26,13,6,0
F006250,24802,"Onion, spring, fresh, raw",127,112,90.5,1.7,0.2,0,4.5,0,22,13,32,0.55
F006249,24802,"Onion, spring, fresh, fried, no added fat",204,180,84.7,2.7,0.3,0,7.3,0,35,21,44,0.84
F006328,24302,"Parsnip, peeled, fresh, raw",237,208,83.1,1.8,0.2,0,4.8,0,38,19,12,0.22
F006326,24302,"Parsnip, peeled, fresh, baked, no added fat",289,254,79.4,2.2,0.2,0,5.9,0,46,23,11,0.26
F006327,24302,"Parsnip, peeled, fresh, boiled, drained",255,224,81.8,1.9,0.2,0,5.2,0,39,19,8,0.22
F007235,24102,"Potato, chips, regular, fast food outlet, deep fried, blended oil, salted",944,919,50.2,3.8,10.1,0,0,0,10,229,1,0.4
F007236,24102,"Potato, chips, regular, fast food outlet, deep fried, monounsaturated oil, salted",1021,996,50.2,3.8,12.2,0,0,0,10,192,1,0.4
F007238,24102,"Potato, chips, regular, independent takeaway outlet, deep fried, blended oil, salted",997,973,50.2,3.8,11.6,0,0,0,10,180,1,0.4
F007242,24102,"Potato, chips, regular, purchased frozen, baked, no added fat",1087,1050,36.4,4.8,5.4,0,0.2,0,8,60,20,0.4
F007247,24101,"Potato, coliban, peeled, raw",243,234,82.2,2,0,0,1,0,3,4,15,0
F007244,24101,"Potato, coliban, peeled, baked, no added fat",368,354,73,3,0,0,1.5,0,5,7,18,0
F007245,24101,"Potato, coliban, peeled, boiled, drained",234,218,83.5,1,0,0,0,0,6,10,11,0
F007254,24101,"Potato, desiree, peeled, raw",240,227,81.2,2.3,0,0,1.7,0,6,5,14,0
F007250,24101,"Potato, desiree, peeled, baked, no added fat",364,343,71.4,3.5,0,0,2.6,0,10,8,17,0
F007252,24101,"Potato, desiree, peeled, boiled, drained",245,231,80.8,2.3,0,0,1.7,0,6,5,11,0
F007308,24101,"Potato, new, peeled, raw",272,264,81.6,2.3,0.1,0,0.6,0,4,3,15,0
F007305,24101,"Potato, new, peeled, baked, no added fat",413,399,72.1,3.5,0.2,0,0.8,0,7,5,18,0
F007306,24101,"Potato, new, peeled, boiled, drained",282,263,80,2.5,0.1,0,0.4,0,4,3,11,0
F007325,24101,"Potato, pale skin, peeled, raw",243,234,81.7,2,0,0,1,0,3,4,16,0
F007314,24101,"Potato, pale skin, peeled, baked, no added fat",368,354,72.2,3,0,0,1.5,0,5,7,19,0
F007320,24101,"Potato, pale skin, peeled, boiled, drained",267,245,81.5,1.5,0.1,0,0.2,0,5,10,11,0
F007361,24101,"Potato, pontiac, peeled, raw",278,261,81.9,2.4,0.1,0,0.7,0,4,2,15,0
F007358,24101,"Potato, pontiac, peeled, baked, no added fat",421,395,72.6,3.6,0.2,0,1.1,0,6,3,18,0
F007359,24101,"Potato, pontiac, peeled, boiled, drained",283,266,81.5,2.4,0.1,0,0.7,0,4,2,11,0
F007368,24101,"Potato, red skin, peeled, raw",240,227,81.2,2.3,0,0,1.7,0,6,5,14,0
F007364,24101,"Potato, red skin, peeled, baked, no added fat",364,343,71.4,3.5,0,0,2.6,0,10,8,17,0
F007366,24101,"Potato, red skin, peeled, boiled, drained",298,279,79.2,2,0,0,0.2,0,6,11,9,0
F007386,24101,"Potato, sebago, peeled, raw",303,286,80.4,2.5,0.2,0,0.4,0,3,4,19,0
F007383,24101,"Potato, sebago, peeled, baked, no added fat",460,433,70.3,3.8,0.2,0,0.7,0,5,7,23,0
F007384,24103,"Potato, sebago, peeled, boiled, drained",304,279,80,2.5,0.4,0,1,0,10,8,9,0
F007269,24102,"Potato, fries, fast food outlet, deep fried, monounsaturated oil, salted",1323,1297,34.5,4.8,16.4,0,0.2,0,10,193,3,0.7
F007606,24302,"Radish, red skinned, unpeeled, raw",62,53,94.9,0.8,0.2,0,1.9,0,25,20,23,0
F007608,24302,"Radish, white skinned, peeled, raw",86,72,92.9,0.7,0.3,0,2.9,0,30,28,17,0
F008227,24802,"Shallot, peeled, fresh, raw",107,83,92.2,1.5,0.1,0,3.1,0,95,6,22,0.24
F008226,24802,"Shallot, peeled, fresh, fried, no added fat",172,135,87.4,2.4,0.2,0,5,0,153,9,30,0.37
F008373,24501,"Snow pea, fresh, raw",157,136,88.2,3,0.2,0,2.9,0,25,1,46,0.05
F008372,24501,"Snow pea, fresh, fried, no added fat",196,170,85.2,3.8,0.2,0,3.6,0,31,1,49,0.06
F008371,24501,"Snow pea, fresh, boiled, drained",169,147,87.3,3.2,0.2,0,3.1,0,26,1,37,0.05
F008811,24702,"Squash, button, fresh, raw",110,106,91.1,2.7,0.2,0,2.9,0,6,1,26,0.52
F008810,24702,"Squash, button, fresh, boiled, drained",131,126,89.4,3.2,0.2,0,3.5,0,7,1,23,0.59
F009021,24302,"Swede, peeled, fresh, raw",93,76,91.7,0.9,0,0,3.4,0,22,12,27,0
F009020,24302,"Swede, peeled, fresh, boiled, drained",100,81,91.1,1,0,0,3.7,0,22,12,19,0
F009033,24302,"Sweet potato, orange flesh, peeled, fresh, baked, no added fat",357,333,74,2.3,0.1,0,6.8,0,33,12,30,0.81
F009034,24302,"Sweet potato, orange flesh, peeled, fresh, boiled, drained",315,293,77.1,2,0.1,0,6,0,28,10,25,0.72
F009190,24601,"Tomato, cherry, raw",65,52,93.1,0.5,0.1,0,2.2,0,11,10,28,0.2
F009193,24601,"Tomato, common, raw",73,64,94.3,0.6,0,0,2.5,0,11,4,14,0.26
F009211,24601,"Tomato, roma, raw",74,64,94.2,1,0.1,0,2.3,0,9,8,18,0.26
F009340,24302,"Turnip, white, peeled, fresh, raw",94,80,92.9,1.3,0,0,3.2,0,21,24,23,0
F009339,24302,"Turnip, white, peeled, fresh, boiled, no added fat",101,87,92.4,1.4,0,0,3.4,0,21,25,16,0
F009775,24702,"Zucchini, green skin, fresh, unpeeled, raw",65,56,94.8,0.9,0.3,0,1.7,0,18,1,24,0.52
F009774,24702,"Zucchini, green skin, fresh, unpeeled, fried, no added fat",92,80,92.6,1.3,0.4,0,2.4,0,25,1,29,0.71
F009773,24702,"Zucchini, green skin, fresh, unpeeled, boiled, drained",77,66,93.8,1.1,0.4,0,2,0,20,1,21,0.59
F009766,24702,"Zucchini, golden, fresh, unpeeled, raw",78,70,94.1,2.2,0.3,0,1.1,0,16,1,30,0.52
F009765,24702,"Zucchini, golden, fresh, unpeeled, fried, no added fat",111,100,91.6,3.1,0.4,0,1.6,0,23,1,36,0.71
